Modelo,Accuracy,Precision,Recall,F1,ROC-AUC
TF-IDF + XGBoost,0.4932975871313673,0.5780685247589195,0.4932975871313673,0.44406188908918365,0.8942878234980226
