Modelo,Accuracy,Precision,Recall,F1,ROC-AUC
Word2Vec + BiLSTM,0.6901408450704225,0.6690593493496965,0.6901408450704225,0.6731989743742637,0.9350654130878135
