Modelo,Accuracy,Precision,Recall,F1,ROC-AUC
FastText + BiLSTM,0.676056338028169,0.6577245186170251,0.676056338028169,0.6568812133249011,0.9384830868466899
