{
    "accuracy": 0.8230563002680965,
    "precision": 0.8250759160342537,
    "recall": 0.8230563002680965,
    "f1_score": 0.8195306896299287,
    "roc_auc": 0.9694993679419627
}